insert into committees (committee_id, committee_name, committee_abbreviation, committee_description, committee_status, committee_announcement) values (1, 'Education Committee', 'EDU', 'A model UN committee focusing on healthcare access', 'SUSPENDED_SESSION', 'Announcement: Guest speaker from the United Nations will address the committee tomorrow.');
insert into committees (committee_id, committee_name, committee_abbreviation, committee_description, committee_status, committee_announcement) values (2, 'Environment Committee', 'ENVI', 'A model UN committee addressing human rights violations', 'UNMOD', 'Reminder: Delegate registration deadline is approaching. Don''t miss out!');
insert into committees (committee_id, committee_name, committee_abbreviation, committee_description, committee_status, committee_announcement) values (3, 'Health Committee', 'HEAL', 'A model UN committee promoting gender equality', 'SUSPENDED_SESSION', 'Announcement: Lunch break will be from 12:00 PM to 1:00 PM. Please be punctual.');
insert into committees (committee_id, committee_name, committee_abbreviation, committee_description, committee_status, committee_announcement) values (4, 'Technology Committee', 'TECH', 'A model UN committee tackling cybersecurity issues', 'UNMOD', 'Announcement: Lunch break will be from 12:00 PM to 1:00 PM. Please be punctual.');
insert into committees (committee_id, committee_name, committee_abbreviation, committee_description, committee_status, committee_announcement) values (5, 'Finance Committee', 'FINC', 'A model UN committee focusing on healthcare access', 'UNMOD', 'Announcement: Guest speaker from the United Nations will address the committee tomorrow.');
insert into committees (committee_id, committee_name, committee_abbreviation, committee_description, committee_status, committee_announcement) values (6, 'Culture Committee', 'CULT', 'A model UN committee discussing global economic policies', 'OUT_OF_SESSION', 'Announcement: Lunch break will be from 12:00 PM to 1:00 PM. Please be punctual.');
insert into committees (committee_id, committee_name, committee_abbreviation, committee_description, committee_status, committee_announcement) values (7, 'Security Committee', 'SEC', 'A model UN committee addressing refugee crises', 'IN_SESSION', 'Reminder: Committee chairs will hold a briefing session before the conference starts.');
insert into committees (committee_id, committee_name, committee_abbreviation, committee_description, committee_status, committee_announcement) values (8, 'Infrastructure Committee', 'INFA', 'A model UN committee focusing on healthcare access', 'IN_SESSION', 'Announcement: Model UN committee session will be held in Room 301.');
insert into committees (committee_id, committee_name, committee_abbreviation, committee_description, committee_status, committee_announcement) values (9, 'Social Welfare Committee', 'SWC', 'A model UN committee focused on climate change', 'SUSPENDED_SESSION', 'Reminder: Committee chairs will hold a briefing session before the conference starts.');
insert into committees (committee_id, committee_name, committee_abbreviation, committee_description, committee_status, committee_announcement) values (10, 'Trade Committee', 'TRAD', 'A model UN committee promoting gender equality', 'UNMOD', 'Announcement: Model UN committee session will be held in Room 301.');
alter sequence committees_committee_id_seq start with 11;

insert into delegations (delegation_id, delegation_name) values (1, 'Brazil');
insert into delegations (delegation_id, delegation_name) values (2, 'Haiti');
insert into delegations (delegation_id, delegation_name) values (3, 'Germany');
insert into delegations (delegation_id, delegation_name) values (4, 'Colombia');
insert into delegations (delegation_id, delegation_name) values (5, 'Russia');
insert into delegations (delegation_id, delegation_name) values (6, 'Ukraine');
insert into delegations (delegation_id, delegation_name) values (7, 'Portugal');
insert into delegations (delegation_id, delegation_name) values (8, 'Sweden');
insert into delegations (delegation_id, delegation_name) values (9, 'China');
insert into delegations (delegation_id, delegation_name) values (10, 'Chile');
insert into delegations (delegation_id, delegation_name) values (11, 'Russia');
insert into delegations (delegation_id, delegation_name) values (12, 'Indonesia');
insert into delegations (delegation_id, delegation_name) values (13, 'Philippines');
insert into delegations (delegation_id, delegation_name) values (14, 'Russia');
insert into delegations (delegation_id, delegation_name) values (15, 'Russia');
insert into delegations (delegation_id, delegation_name) values (16, 'Morocco');
insert into delegations (delegation_id, delegation_name) values (17, 'China');
insert into delegations (delegation_id, delegation_name) values (18, 'Russia');
insert into delegations (delegation_id, delegation_name) values (19, 'Argentina');
insert into delegations (delegation_id, delegation_name) values (20, 'Madagascar');
insert into delegations (delegation_id, delegation_name) values (21, 'Afghanistan');
insert into delegations (delegation_id, delegation_name) values (22, 'Portugal');
insert into delegations (delegation_id, delegation_name) values (23, 'Indonesia');
insert into delegations (delegation_id, delegation_name) values (24, 'Poland');
insert into delegations (delegation_id, delegation_name) values (25, 'Morocco');
insert into delegations (delegation_id, delegation_name) values (26, 'Philippines');
insert into delegations (delegation_id, delegation_name) values (27, 'Albania');
insert into delegations (delegation_id, delegation_name) values (28, 'Portugal');
insert into delegations (delegation_id, delegation_name) values (29, 'Indonesia');
insert into delegations (delegation_id, delegation_name) values (30, 'Philippines');
insert into delegations (delegation_id, delegation_name) values (31, 'Portugal');
insert into delegations (delegation_id, delegation_name) values (32, 'Azerbaijan');
insert into delegations (delegation_id, delegation_name) values (33, 'Barbados');
insert into delegations (delegation_id, delegation_name) values (34, 'Poland');
insert into delegations (delegation_id, delegation_name) values (35, 'Russia');
insert into delegations (delegation_id, delegation_name) values (36, 'Burkina Faso');
insert into delegations (delegation_id, delegation_name) values (37, 'China');
insert into delegations (delegation_id, delegation_name) values (38, 'Portugal');
insert into delegations (delegation_id, delegation_name) values (39, 'China');
insert into delegations (delegation_id, delegation_name) values (40, 'Brazil');
insert into delegations (delegation_id, delegation_name) values (41, 'United States');
insert into delegations (delegation_id, delegation_name) values (42, 'Peru');
insert into delegations (delegation_id, delegation_name) values (43, 'Russia');
insert into delegations (delegation_id, delegation_name) values (44, 'Ethiopia');
insert into delegations (delegation_id, delegation_name) values (45, 'China');
insert into delegations (delegation_id, delegation_name) values (46, 'France');
insert into delegations (delegation_id, delegation_name) values (47, 'Indonesia');
insert into delegations (delegation_id, delegation_name) values (48, 'Philippines');
insert into delegations (delegation_id, delegation_name) values (49, 'Nigeria');
insert into delegations (delegation_id, delegation_name) values (50, 'Portugal');
insert into delegations (delegation_id, delegation_name) values (51, 'Vietnam');
insert into delegations (delegation_id, delegation_name) values (52, 'Greece');
insert into delegations (delegation_id, delegation_name) values (53, 'Cameroon');
insert into delegations (delegation_id, delegation_name) values (54, 'Indonesia');
insert into delegations (delegation_id, delegation_name) values (55, 'Colombia');
insert into delegations (delegation_id, delegation_name) values (56, 'Slovenia');
insert into delegations (delegation_id, delegation_name) values (57, 'Zambia');
insert into delegations (delegation_id, delegation_name) values (58, 'Philippines');
insert into delegations (delegation_id, delegation_name) values (59, 'China');
insert into delegations (delegation_id, delegation_name) values (60, 'Belarus');
insert into delegations (delegation_id, delegation_name) values (61, 'Honduras');
insert into delegations (delegation_id, delegation_name) values (62, 'Greece');
insert into delegations (delegation_id, delegation_name) values (63, 'United Kingdom');
insert into delegations (delegation_id, delegation_name) values (64, 'France');
insert into delegations (delegation_id, delegation_name) values (65, 'Benin');
insert into delegations (delegation_id, delegation_name) values (66, 'United Arab Emirates');
insert into delegations (delegation_id, delegation_name) values (67, 'Peru');
insert into delegations (delegation_id, delegation_name) values (68, 'Laos');
insert into delegations (delegation_id, delegation_name) values (69, 'Indonesia');
insert into delegations (delegation_id, delegation_name) values (70, 'Portugal');
insert into delegations (delegation_id, delegation_name) values (71, 'Bahamas');
insert into delegations (delegation_id, delegation_name) values (72, 'Argentina');
insert into delegations (delegation_id, delegation_name) values (73, 'China');
insert into delegations (delegation_id, delegation_name) values (74, 'Botswana');
insert into delegations (delegation_id, delegation_name) values (75, 'Papua New Guinea');
insert into delegations (delegation_id, delegation_name) values (76, 'United States');
insert into delegations (delegation_id, delegation_name) values (77, 'Vietnam');
insert into delegations (delegation_id, delegation_name) values (78, 'China');
insert into delegations (delegation_id, delegation_name) values (79, 'Russia');
insert into delegations (delegation_id, delegation_name) values (80, 'Thailand');
insert into delegations (delegation_id, delegation_name) values (81, 'Sweden');
insert into delegations (delegation_id, delegation_name) values (82, 'Cameroon');
insert into delegations (delegation_id, delegation_name) values (83, 'Palestinian Territory');
insert into delegations (delegation_id, delegation_name) values (84, 'Thailand');
insert into delegations (delegation_id, delegation_name) values (85, 'Ireland');
insert into delegations (delegation_id, delegation_name) values (86, 'Greece');
insert into delegations (delegation_id, delegation_name) values (87, 'Indonesia');
insert into delegations (delegation_id, delegation_name) values (88, 'Ecuador');
insert into delegations (delegation_id, delegation_name) values (89, 'Argentina');
insert into delegations (delegation_id, delegation_name) values (90, 'Guatemala');
insert into delegations (delegation_id, delegation_name) values (91, 'Peru');
insert into delegations (delegation_id, delegation_name) values (92, 'Brazil');
insert into delegations (delegation_id, delegation_name) values (93, 'Philippines');
insert into delegations (delegation_id, delegation_name) values (94, 'Azerbaijan');
insert into delegations (delegation_id, delegation_name) values (95, 'Ukraine');
insert into delegations (delegation_id, delegation_name) values (96, 'China');
insert into delegations (delegation_id, delegation_name) values (97, 'Thailand');
insert into delegations (delegation_id, delegation_name) values (98, 'Portugal');
insert into delegations (delegation_id, delegation_name) values (99, 'Mongolia');
insert into delegations (delegation_id, delegation_name) values (100, 'China');

insert into participants (participant_id, delegation_id, committee_id) values (1, 14, 5) ON CONFLICT DO NOTHING;
insert into participants (participant_id, delegation_id, committee_id) values (2, 5, 10) ON CONFLICT DO NOTHING;
insert into participants (participant_id, delegation_id, committee_id) values (3, 62, 7) ON CONFLICT DO NOTHING;
insert into participants (participant_id, delegation_id, committee_id) values (4, 48, 3) ON CONFLICT DO NOTHING;
insert into participants (participant_id, delegation_id, committee_id) values (5, 59, 9) ON CONFLICT DO NOTHING;
insert into participants (participant_id, delegation_id, committee_id) values (6, 74, 8) ON CONFLICT DO NOTHING;
insert into participants (participant_id, delegation_id, committee_id) values (7, 7, 3) ON CONFLICT DO NOTHING;
insert into participants (participant_id, delegation_id, committee_id) values (8, 98, 1) ON CONFLICT DO NOTHING;
insert into participants (participant_id, delegation_id, committee_id) values (9, 21, 4) ON CONFLICT DO NOTHING;
insert into participants (participant_id, delegation_id, committee_id) values (10, 25, 2) ON CONFLICT DO NOTHING;
insert into participants (participant_id, delegation_id, committee_id) values (11, 1, 3) ON CONFLICT DO NOTHING;
insert into participants (participant_id, delegation_id, committee_id) values (12, 90, 1) ON CONFLICT DO NOTHING;
insert into participants (participant_id, delegation_id, committee_id) values (13, 2, 5) ON CONFLICT DO NOTHING;
insert into participants (participant_id, delegation_id, committee_id) values (14, 96, 10) ON CONFLICT DO NOTHING;
insert into participants (participant_id, delegation_id, committee_id) values (15, 3, 2) ON CONFLICT DO NOTHING;
insert into participants (participant_id, delegation_id, committee_id) values (16, 40, 1) ON CONFLICT DO NOTHING;
insert into participants (participant_id, delegation_id, committee_id) values (17, 84, 1) ON CONFLICT DO NOTHING;
insert into participants (participant_id, delegation_id, committee_id) values (18, 42, 3) ON CONFLICT DO NOTHING;
insert into participants (participant_id, delegation_id, committee_id) values (19, 34, 7) ON CONFLICT DO NOTHING;
insert into participants (participant_id, delegation_id, committee_id) values (20, 2, 2) ON CONFLICT DO NOTHING;
insert into participants (participant_id, delegation_id, committee_id) values (21, 99, 4) ON CONFLICT DO NOTHING;
insert into participants (participant_id, delegation_id, committee_id) values (22, 11, 7) ON CONFLICT DO NOTHING;
insert into participants (participant_id, delegation_id, committee_id) values (23, 15, 1) ON CONFLICT DO NOTHING;
insert into participants (participant_id, delegation_id, committee_id) values (24, 3, 1) ON CONFLICT DO NOTHING;
insert into participants (participant_id, delegation_id, committee_id) values (25, 98, 6) ON CONFLICT DO NOTHING;
insert into participants (participant_id, delegation_id, committee_id) values (26, 48, 5) ON CONFLICT DO NOTHING;
insert into participants (participant_id, delegation_id, committee_id) values (27, 9, 7) ON CONFLICT DO NOTHING;
insert into participants (participant_id, delegation_id, committee_id) values (28, 21, 5) ON CONFLICT DO NOTHING;
insert into participants (participant_id, delegation_id, committee_id) values (29, 80, 1) ON CONFLICT DO NOTHING;
insert into participants (participant_id, delegation_id, committee_id) values (30, 90, 6) ON CONFLICT DO NOTHING;
insert into participants (participant_id, delegation_id, committee_id) values (31, 67, 7) ON CONFLICT DO NOTHING;
insert into participants (participant_id, delegation_id, committee_id) values (32, 32, 1) ON CONFLICT DO NOTHING;
insert into participants (participant_id, delegation_id, committee_id) values (33, 41, 3) ON CONFLICT DO NOTHING;
insert into participants (participant_id, delegation_id, committee_id) values (34, 91, 4) ON CONFLICT DO NOTHING;
insert into participants (participant_id, delegation_id, committee_id) values (35, 75, 1) ON CONFLICT DO NOTHING;
insert into participants (participant_id, delegation_id, committee_id) values (36, 3, 7) ON CONFLICT DO NOTHING;
insert into participants (participant_id, delegation_id, committee_id) values (37, 22, 5) ON CONFLICT DO NOTHING;
insert into participants (participant_id, delegation_id, committee_id) values (38, 2, 6) ON CONFLICT DO NOTHING;
insert into participants (participant_id, delegation_id, committee_id) values (39, 49, 9) ON CONFLICT DO NOTHING;
insert into participants (participant_id, delegation_id, committee_id) values (40, 18, 10) ON CONFLICT DO NOTHING;
insert into participants (participant_id, delegation_id, committee_id) values (41, 63, 7) ON CONFLICT DO NOTHING;
insert into participants (participant_id, delegation_id, committee_id) values (42, 44, 8) ON CONFLICT DO NOTHING;
insert into participants (participant_id, delegation_id, committee_id) values (43, 35, 1) ON CONFLICT DO NOTHING;
insert into participants (participant_id, delegation_id, committee_id) values (44, 44, 7) ON CONFLICT DO NOTHING;
insert into participants (participant_id, delegation_id, committee_id) values (45, 36, 4) ON CONFLICT DO NOTHING;
insert into participants (participant_id, delegation_id, committee_id) values (46, 34, 2) ON CONFLICT DO NOTHING;
insert into participants (participant_id, delegation_id, committee_id) values (47, 49, 1) ON CONFLICT DO NOTHING;
insert into participants (participant_id, delegation_id, committee_id) values (48, 65, 4) ON CONFLICT DO NOTHING;
insert into participants (participant_id, delegation_id, committee_id) values (49, 4, 5) ON CONFLICT DO NOTHING;
insert into participants (participant_id, delegation_id, committee_id) values (50, 90, 1) ON CONFLICT DO NOTHING;
insert into participants (participant_id, delegation_id, committee_id) values (51, 10, 5) ON CONFLICT DO NOTHING;
insert into participants (participant_id, delegation_id, committee_id) values (52, 59, 4) ON CONFLICT DO NOTHING;
insert into participants (participant_id, delegation_id, committee_id) values (53, 27, 1) ON CONFLICT DO NOTHING;
insert into participants (participant_id, delegation_id, committee_id) values (54, 57, 8) ON CONFLICT DO NOTHING;
insert into participants (participant_id, delegation_id, committee_id) values (55, 88, 7) ON CONFLICT DO NOTHING;
insert into participants (participant_id, delegation_id, committee_id) values (56, 27, 1) ON CONFLICT DO NOTHING;
insert into participants (participant_id, delegation_id, committee_id) values (57, 69, 10) ON CONFLICT DO NOTHING;
insert into participants (participant_id, delegation_id, committee_id) values (58, 17, 1) ON CONFLICT DO NOTHING;
insert into participants (participant_id, delegation_id, committee_id) values (59, 53, 2) ON CONFLICT DO NOTHING;
insert into participants (participant_id, delegation_id, committee_id) values (60, 89, 6) ON CONFLICT DO NOTHING;
insert into participants (participant_id, delegation_id, committee_id) values (61, 6, 6) ON CONFLICT DO NOTHING;
insert into participants (participant_id, delegation_id, committee_id) values (62, 60, 4) ON CONFLICT DO NOTHING;
insert into participants (participant_id, delegation_id, committee_id) values (63, 76, 8) ON CONFLICT DO NOTHING;
insert into participants (participant_id, delegation_id, committee_id) values (64, 33, 10) ON CONFLICT DO NOTHING;
insert into participants (participant_id, delegation_id, committee_id) values (65, 81, 6) ON CONFLICT DO NOTHING;
insert into participants (participant_id, delegation_id, committee_id) values (66, 11, 4) ON CONFLICT DO NOTHING;
insert into participants (participant_id, delegation_id, committee_id) values (67, 84, 2) ON CONFLICT DO NOTHING;
insert into participants (participant_id, delegation_id, committee_id) values (68, 13, 9) ON CONFLICT DO NOTHING;
insert into participants (participant_id, delegation_id, committee_id) values (69, 84, 7) ON CONFLICT DO NOTHING;
insert into participants (participant_id, delegation_id, committee_id) values (70, 14, 8) ON CONFLICT DO NOTHING;
insert into participants (participant_id, delegation_id, committee_id) values (71, 83, 5) ON CONFLICT DO NOTHING;
insert into participants (participant_id, delegation_id, committee_id) values (72, 67, 10) ON CONFLICT DO NOTHING;
insert into participants (participant_id, delegation_id, committee_id) values (73, 26, 6) ON CONFLICT DO NOTHING;
insert into participants (participant_id, delegation_id, committee_id) values (74, 67, 7) ON CONFLICT DO NOTHING;
insert into participants (participant_id, delegation_id, committee_id) values (75, 53, 8) ON CONFLICT DO NOTHING;
insert into participants (participant_id, delegation_id, committee_id) values (76, 60, 5) ON CONFLICT DO NOTHING;
insert into participants (participant_id, delegation_id, committee_id) values (77, 15, 5) ON CONFLICT DO NOTHING;
insert into participants (participant_id, delegation_id, committee_id) values (78, 44, 5) ON CONFLICT DO NOTHING;
insert into participants (participant_id, delegation_id, committee_id) values (79, 21, 2) ON CONFLICT DO NOTHING;
insert into participants (participant_id, delegation_id, committee_id) values (80, 65, 2) ON CONFLICT DO NOTHING;
insert into participants (participant_id, delegation_id, committee_id) values (81, 61, 8) ON CONFLICT DO NOTHING;
insert into participants (participant_id, delegation_id, committee_id) values (82, 63, 4) ON CONFLICT DO NOTHING;
insert into participants (participant_id, delegation_id, committee_id) values (83, 73, 8) ON CONFLICT DO NOTHING;
insert into participants (participant_id, delegation_id, committee_id) values (84, 73, 9) ON CONFLICT DO NOTHING;
insert into participants (participant_id, delegation_id, committee_id) values (85, 23, 6) ON CONFLICT DO NOTHING;
insert into participants (participant_id, delegation_id, committee_id) values (86, 67, 5) ON CONFLICT DO NOTHING;
insert into participants (participant_id, delegation_id, committee_id) values (87, 14, 4) ON CONFLICT DO NOTHING;
insert into participants (participant_id, delegation_id, committee_id) values (88, 85, 5) ON CONFLICT DO NOTHING;
insert into participants (participant_id, delegation_id, committee_id) values (89, 49, 7) ON CONFLICT DO NOTHING;
insert into participants (participant_id, delegation_id, committee_id) values (90, 42, 7) ON CONFLICT DO NOTHING;
insert into participants (participant_id, delegation_id, committee_id) values (91, 30, 6) ON CONFLICT DO NOTHING;
insert into participants (participant_id, delegation_id, committee_id) values (92, 56, 3) ON CONFLICT DO NOTHING;
insert into participants (participant_id, delegation_id, committee_id) values (93, 36, 5) ON CONFLICT DO NOTHING;
insert into participants (participant_id, delegation_id, committee_id) values (94, 34, 10) ON CONFLICT DO NOTHING;
insert into participants (participant_id, delegation_id, committee_id) values (95, 90, 3) ON CONFLICT DO NOTHING;
insert into participants (participant_id, delegation_id, committee_id) values (96, 28, 10) ON CONFLICT DO NOTHING;
insert into participants (participant_id, delegation_id, committee_id) values (97, 75, 8) ON CONFLICT DO NOTHING;
insert into participants (participant_id, delegation_id, committee_id) values (98, 1, 6) ON CONFLICT DO NOTHING;
insert into participants (participant_id, delegation_id, committee_id) values (99, 55, 3) ON CONFLICT DO NOTHING;
insert into participants (participant_id, delegation_id, committee_id) values (100, 82, 2) ON CONFLICT DO NOTHING;
alter sequence participants_participant_id_seq start with 101;

insert into workingpapers (working_paper_id, committee_id, paper_link, working_group_name) values (1, 8, 'imgur.com', 'Apple');
insert into workingpapers (working_paper_id, committee_id, paper_link, working_group_name) values (2, 4, 'huffingtonpost.com', 'Orange');
insert into workingpapers (working_paper_id, committee_id, paper_link, working_group_name) values (3, 4, 'netvibes.com', 'Banana');
insert into workingpapers (working_paper_id, committee_id, paper_link, working_group_name) values (4, 3, 'oaic.gov.au', 'Cucumber');
insert into workingpapers (working_paper_id, committee_id, paper_link, working_group_name) values (5, 5, 'chicagotribune.com', 'Blueberry');
insert into workingpapers (working_paper_id, committee_id, paper_link, working_group_name) values (6, 10, 'amazon.co.uk', 'Lemon');
insert into workingpapers (working_paper_id, committee_id, paper_link, working_group_name) values (7, 6, 'intel.com', 'Grape');
insert into workingpapers (working_paper_id, committee_id, paper_link, working_group_name) values (8, 4, 'bbb.org', 'Raisin');
insert into workingpapers (working_paper_id, committee_id, paper_link, working_group_name) values (9, 9, 'nature.com', 'Carrot');
insert into workingpapers (working_paper_id, committee_id, paper_link, working_group_name) values (10, 7, 'wikispaces.com', 'Lettuce');
insert into workingpapers (working_paper_id, committee_id, paper_link, working_group_name) values (11, 5, 'latimes.com', 'Brocolli');
insert into workingpapers (working_paper_id, committee_id, paper_link, working_group_name) values (12, 7, 'bigcartel.com', 'Tomato');
insert into workingpapers (working_paper_id, committee_id, paper_link, working_group_name) values (13, 8, 'webmd.com', 'Avocado');
insert into workingpapers (working_paper_id, committee_id, paper_link, working_group_name) values (14, 3, 'rediff.com', 'Cantalope');
insert into workingpapers (working_paper_id, committee_id, paper_link, working_group_name) values (15, 4, 'columbia.edu', 'Kiwi');
insert into workingpapers (working_paper_id, committee_id, paper_link, working_group_name) values (16, 8, 'mit.edu', 'Pear');
insert into workingpapers (working_paper_id, committee_id, paper_link, working_group_name) values (17, 10, 'seesaa.net', 'Zuccini');
insert into workingpapers (working_paper_id, committee_id, paper_link, working_group_name) values (18, 8, 'desdev.cn', 'Celery');
insert into workingpapers (working_paper_id, committee_id, paper_link, working_group_name) values (19, 10, 'unblog.fr', 'Asperagus');
insert into workingpapers (working_paper_id, committee_id, paper_link, working_group_name) values (20, 3, 'tripod.com', 'Pea');
insert into workingpapers (working_paper_id, committee_id, paper_link, working_group_name) values (21, 7, 'reverbnation.com', 'Berry');
insert into workingpapers (working_paper_id, committee_id, paper_link, working_group_name) values (22, 5, '4shared.com', 'Burrito');
insert into workingpapers (working_paper_id, committee_id, paper_link, working_group_name) values (23, 7, 'tmall.com', 'Pork');
insert into workingpapers (working_paper_id, committee_id, paper_link, working_group_name) values (24, 4, 'netlog.com', 'Beef');
insert into workingpapers (working_paper_id, committee_id, paper_link, working_group_name) values (25, 2, 'ow.ly', 'Salmon');
ALTER SEQUENCE workingpapers_working_paper_id_seq RESTART WITH 26;

insert into workingpaperdelegations (working_paper_relationship_id, working_paper_id, delegation_id) values (1, 3, 69);
insert into workingpaperdelegations (working_paper_relationship_id, working_paper_id, delegation_id) values (2, 7, 94);
insert into workingpaperdelegations (working_paper_relationship_id, working_paper_id, delegation_id) values (3, 17, 92);
insert into workingpaperdelegations (working_paper_relationship_id, working_paper_id, delegation_id) values (4, 13, 89);
insert into workingpaperdelegations (working_paper_relationship_id, working_paper_id, delegation_id) values (5, 25, 67);
insert into workingpaperdelegations (working_paper_relationship_id, working_paper_id, delegation_id) values (6, 20, 62);
insert into workingpaperdelegations (working_paper_relationship_id, working_paper_id, delegation_id) values (7, 25, 81);
insert into workingpaperdelegations (working_paper_relationship_id, working_paper_id, delegation_id) values (8, 19, 67);
insert into workingpaperdelegations (working_paper_relationship_id, working_paper_id, delegation_id) values (9, 25, 9);
insert into workingpaperdelegations (working_paper_relationship_id, working_paper_id, delegation_id) values (10, 2, 16);
insert into workingpaperdelegations (working_paper_relationship_id, working_paper_id, delegation_id) values (11, 6, 44);
insert into workingpaperdelegations (working_paper_relationship_id, working_paper_id, delegation_id) values (12, 6, 46);
insert into workingpaperdelegations (working_paper_relationship_id, working_paper_id, delegation_id) values (13, 24, 58);
insert into workingpaperdelegations (working_paper_relationship_id, working_paper_id, delegation_id) values (14, 18, 75);
insert into workingpaperdelegations (working_paper_relationship_id, working_paper_id, delegation_id) values (15, 4, 63);
insert into workingpaperdelegations (working_paper_relationship_id, working_paper_id, delegation_id) values (16, 16, 25);
insert into workingpaperdelegations (working_paper_relationship_id, working_paper_id, delegation_id) values (17, 18, 44);
insert into workingpaperdelegations (working_paper_relationship_id, working_paper_id, delegation_id) values (18, 23, 28);
insert into workingpaperdelegations (working_paper_relationship_id, working_paper_id, delegation_id) values (19, 24, 87);
insert into workingpaperdelegations (working_paper_relationship_id, working_paper_id, delegation_id) values (20, 21, 30);
insert into workingpaperdelegations (working_paper_relationship_id, working_paper_id, delegation_id) values (21, 19, 25);
insert into workingpaperdelegations (working_paper_relationship_id, working_paper_id, delegation_id) values (22, 7, 71);
insert into workingpaperdelegations (working_paper_relationship_id, working_paper_id, delegation_id) values (23, 22, 67);
insert into workingpaperdelegations (working_paper_relationship_id, working_paper_id, delegation_id) values (24, 22, 4);
insert into workingpaperdelegations (working_paper_relationship_id, working_paper_id, delegation_id) values (25, 4, 7);
insert into workingpaperdelegations (working_paper_relationship_id, working_paper_id, delegation_id) values (26, 21, 34);
insert into workingpaperdelegations (working_paper_relationship_id, working_paper_id, delegation_id) values (27, 15, 82);
insert into workingpaperdelegations (working_paper_relationship_id, working_paper_id, delegation_id) values (28, 21, 14);
insert into workingpaperdelegations (working_paper_relationship_id, working_paper_id, delegation_id) values (29, 13, 90);
insert into workingpaperdelegations (working_paper_relationship_id, working_paper_id, delegation_id) values (30, 20, 47);
insert into workingpaperdelegations (working_paper_relationship_id, working_paper_id, delegation_id) values (31, 20, 90);
insert into workingpaperdelegations (working_paper_relationship_id, working_paper_id, delegation_id) values (32, 19, 12);
insert into workingpaperdelegations (working_paper_relationship_id, working_paper_id, delegation_id) values (33, 18, 37);
insert into workingpaperdelegations (working_paper_relationship_id, working_paper_id, delegation_id) values (34, 19, 39);
insert into workingpaperdelegations (working_paper_relationship_id, working_paper_id, delegation_id) values (35, 24, 50);
insert into workingpaperdelegations (working_paper_relationship_id, working_paper_id, delegation_id) values (36, 21, 45);
insert into workingpaperdelegations (working_paper_relationship_id, working_paper_id, delegation_id) values (37, 1, 62);
insert into workingpaperdelegations (working_paper_relationship_id, working_paper_id, delegation_id) values (38, 12, 83);
insert into workingpaperdelegations (working_paper_relationship_id, working_paper_id, delegation_id) values (39, 25, 74);
insert into workingpaperdelegations (working_paper_relationship_id, working_paper_id, delegation_id) values (40, 18, 58);
insert into workingpaperdelegations (working_paper_relationship_id, working_paper_id, delegation_id) values (41, 21, 24);
insert into workingpaperdelegations (working_paper_relationship_id, working_paper_id, delegation_id) values (42, 11, 53);
insert into workingpaperdelegations (working_paper_relationship_id, working_paper_id, delegation_id) values (43, 24, 91);
insert into workingpaperdelegations (working_paper_relationship_id, working_paper_id, delegation_id) values (44, 17, 14);
insert into workingpaperdelegations (working_paper_relationship_id, working_paper_id, delegation_id) values (45, 4, 3);
insert into workingpaperdelegations (working_paper_relationship_id, working_paper_id, delegation_id) values (46, 5, 58);
insert into workingpaperdelegations (working_paper_relationship_id, working_paper_id, delegation_id) values (47, 4, 60);
insert into workingpaperdelegations (working_paper_relationship_id, working_paper_id, delegation_id) values (48, 24, 5);
insert into workingpaperdelegations (working_paper_relationship_id, working_paper_id, delegation_id) values (49, 19, 33);
insert into workingpaperdelegations (working_paper_relationship_id, working_paper_id, delegation_id) values (50, 7, 47);
insert into workingpaperdelegations (working_paper_relationship_id, working_paper_id, delegation_id) values (51, 17, 24);
insert into workingpaperdelegations (working_paper_relationship_id, working_paper_id, delegation_id) values (52, 9, 82);
insert into workingpaperdelegations (working_paper_relationship_id, working_paper_id, delegation_id) values (53, 25, 25);
insert into workingpaperdelegations (working_paper_relationship_id, working_paper_id, delegation_id) values (54, 1, 78);
insert into workingpaperdelegations (working_paper_relationship_id, working_paper_id, delegation_id) values (55, 11, 10);
insert into workingpaperdelegations (working_paper_relationship_id, working_paper_id, delegation_id) values (56, 16, 55);
insert into workingpaperdelegations (working_paper_relationship_id, working_paper_id, delegation_id) values (57, 24, 19);
insert into workingpaperdelegations (working_paper_relationship_id, working_paper_id, delegation_id) values (58, 21, 4);
insert into workingpaperdelegations (working_paper_relationship_id, working_paper_id, delegation_id) values (59, 13, 26);
insert into workingpaperdelegations (working_paper_relationship_id, working_paper_id, delegation_id) values (60, 10, 14);
insert into workingpaperdelegations (working_paper_relationship_id, working_paper_id, delegation_id) values (61, 16, 77);
insert into workingpaperdelegations (working_paper_relationship_id, working_paper_id, delegation_id) values (62, 10, 72);
insert into workingpaperdelegations (working_paper_relationship_id, working_paper_id, delegation_id) values (63, 21, 11);
insert into workingpaperdelegations (working_paper_relationship_id, working_paper_id, delegation_id) values (64, 16, 3);
insert into workingpaperdelegations (working_paper_relationship_id, working_paper_id, delegation_id) values (65, 17, 90);
insert into workingpaperdelegations (working_paper_relationship_id, working_paper_id, delegation_id) values (66, 17, 99);
insert into workingpaperdelegations (working_paper_relationship_id, working_paper_id, delegation_id) values (67, 18, 81);
insert into workingpaperdelegations (working_paper_relationship_id, working_paper_id, delegation_id) values (68, 12, 44);
insert into workingpaperdelegations (working_paper_relationship_id, working_paper_id, delegation_id) values (69, 7, 95);
insert into workingpaperdelegations (working_paper_relationship_id, working_paper_id, delegation_id) values (70, 6, 19);
insert into workingpaperdelegations (working_paper_relationship_id, working_paper_id, delegation_id) values (71, 13, 96);
insert into workingpaperdelegations (working_paper_relationship_id, working_paper_id, delegation_id) values (72, 1, 17);
insert into workingpaperdelegations (working_paper_relationship_id, working_paper_id, delegation_id) values (73, 18, 26);
insert into workingpaperdelegations (working_paper_relationship_id, working_paper_id, delegation_id) values (74, 6, 5);
insert into workingpaperdelegations (working_paper_relationship_id, working_paper_id, delegation_id) values (75, 6, 23);
insert into workingpaperdelegations (working_paper_relationship_id, working_paper_id, delegation_id) values (76, 9, 26);
insert into workingpaperdelegations (working_paper_relationship_id, working_paper_id, delegation_id) values (77, 12, 5);
insert into workingpaperdelegations (working_paper_relationship_id, working_paper_id, delegation_id) values (78, 18, 35);
insert into workingpaperdelegations (working_paper_relationship_id, working_paper_id, delegation_id) values (79, 2, 59);
insert into workingpaperdelegations (working_paper_relationship_id, working_paper_id, delegation_id) values (80, 1, 24);
insert into workingpaperdelegations (working_paper_relationship_id, working_paper_id, delegation_id) values (81, 18, 81);
insert into workingpaperdelegations (working_paper_relationship_id, working_paper_id, delegation_id) values (82, 11, 28);
insert into workingpaperdelegations (working_paper_relationship_id, working_paper_id, delegation_id) values (83, 1, 71);
insert into workingpaperdelegations (working_paper_relationship_id, working_paper_id, delegation_id) values (84, 24, 61);
insert into workingpaperdelegations (working_paper_relationship_id, working_paper_id, delegation_id) values (85, 7, 63);
insert into workingpaperdelegations (working_paper_relationship_id, working_paper_id, delegation_id) values (86, 15, 28);
insert into workingpaperdelegations (working_paper_relationship_id, working_paper_id, delegation_id) values (87, 7, 81);
insert into workingpaperdelegations (working_paper_relationship_id, working_paper_id, delegation_id) values (88, 6, 72);
insert into workingpaperdelegations (working_paper_relationship_id, working_paper_id, delegation_id) values (89, 17, 15);
insert into workingpaperdelegations (working_paper_relationship_id, working_paper_id, delegation_id) values (90, 17, 6);
insert into workingpaperdelegations (working_paper_relationship_id, working_paper_id, delegation_id) values (91, 16, 22);
insert into workingpaperdelegations (working_paper_relationship_id, working_paper_id, delegation_id) values (92, 25, 83);
insert into workingpaperdelegations (working_paper_relationship_id, working_paper_id, delegation_id) values (94, 19, 26);
insert into workingpaperdelegations (working_paper_relationship_id, working_paper_id, delegation_id) values (95, 14, 87);
insert into workingpaperdelegations (working_paper_relationship_id, working_paper_id, delegation_id) values (96, 15, 99);
insert into workingpaperdelegations (working_paper_relationship_id, working_paper_id, delegation_id) values (97, 17, 88);
insert into workingpaperdelegations (working_paper_relationship_id, working_paper_id, delegation_id) values (98, 25, 80);
insert into workingpaperdelegations (working_paper_relationship_id, working_paper_id, delegation_id) values (99, 5, 43);
ALTER SEQUENCE workingpaperdelegations_working_paper_relationship_id_seq RESTART WITH 101;